id,company,location,lat,lng,post_date,work_type,applicant_count,data_analyst,business_intelligence,data_engineer,data_scientist,etl_developer,business_information,programming,python,r,scala,sql,mysql,postgresql,mongodb,redis,sqlite,sql server,bigquery,nosql,talend,dataiku,pentaho,snowflake,database,hive,spark,kafka,kinesis,aws,gcp,azure,kubernetes,docker,hadoop,excel,powerpoint,word,pdf,csv,sheet,data_visualization,tableau,powerbi,matplotlib,seaborn,plotly,data_mining,machine_learning,sas,jupyter_notebook,data_studio,communication,deployment,data_scraping,english,etl,git
3600784773,Agoda,bandung,-6.9344694,107.6049539,4 days,,16,True,False,False,False,False,False,False,False,False,False,False,False,False,False,False,False,False,False,False,False,False,False,False,False,False,False,False,False,False,False,False,False,False,False,False,False,False,False,False,False,True,True,False,False,False,False,False,False,False,False,False,False,False,False,False,False,False
3607654861,Arya Noble,jakarta selatan,-6.2838182,106.8048633,1 week,On-site,200,True,False,False,False,False,False,False,False,False,False,True,False,False,False,False,False,False,False,False,False,False,False,False,False,False,False,False,False,False,False,False,False,False,False,True,False,False,False,False,False,True,False,True,False,False,False,False,False,False,False,False,False,False,False,False,False,False
3604555370,AIA Indonesia,jakarta,-6.175247,106.8270488,2 weeks,On-site,200,True,False,False,False,False,False,False,False,False,False,True,False,False,False,False,False,False,False,False,False,False,False,False,False,False,False,False,False,False,False,False,False,False,False,True,True,False,False,False,False,True,False,True,False,False,False,False,False,False,False,False,False,False,False,False,False,False
3584765536,FinAccel,jakarta,-6.175247,106.8270488,1 week,Hybrid,200,True,False,False,False,False,False,False,False,False,False,True,False,False,False,False,False,False,False,False,False,False,False,False,False,False,False,False,False,False,False,False,False,False,False,False,False,False,False,False,False,False,False,False,False,False,False,False,False,True,False,False,False,False,False,True,False,False
3625400224,Peroptyx,indonesia,-2.4833826,117.8902853,2 days,Remote,200,True,False,False,False,False,False,False,False,False,False,False,False,False,False,False,False,False,False,False,False,False,False,False,False,False,False,False,False,False,False,False,False,False,False,False,False,False,False,False,False,False,False,False,False,False,False,False,False,False,False,False,False,False,False,True,False,False
3623957766,Agoda,bali,-8.4560181,115.2703855,2 days,,10,True,False,False,False,False,False,True,True,True,False,True,False,False,False,False,False,True,False,False,False,False,False,False,False,False,False,False,False,False,False,False,False,False,False,False,False,False,False,False,False,True,True,True,False,False,False,True,True,True,False,False,True,False,False,True,False,False
3599759312,JULO,indonesia,-2.4833826,117.8902853,3 weeks,Remote,200,True,False,False,False,False,False,False,False,False,False,True,False,False,False,False,False,False,False,False,False,False,False,False,False,False,False,False,False,False,False,False,False,False,False,False,False,False,False,False,False,True,True,False,False,False,False,False,False,False,False,False,False,False,False,True,True,False
3597561654,Cargill,jakarta,-6.175247,106.8270488,4 days,,200,True,False,False,False,False,False,False,False,False,False,False,False,False,False,False,False,False,False,False,False,False,False,False,False,False,False,False,False,False,False,False,False,False,False,False,False,False,False,False,False,False,False,False,False,False,False,False,False,False,False,False,False,False,False,False,False,False
3612713462,Prudential Indonesia (PT Prudential Life Assurance),jakarta,-6.175247,106.8270488,2 weeks,On-site,200,True,False,False,False,False,False,False,False,False,False,False,False,False,False,False,False,False,False,False,False,False,False,False,False,False,False,False,False,False,False,False,False,False,False,False,False,False,False,False,False,False,False,False,False,False,False,False,False,False,False,False,False,False,False,False,False,False
3600784772,Agoda,jakarta,-6.175247,106.8270488,4 days,,25,True,False,False,False,False,False,False,False,False,False,False,False,False,False,False,False,False,False,False,False,False,False,False,False,False,False,False,False,False,False,False,False,False,False,False,False,False,False,False,False,True,True,False,False,False,False,False,False,False,False,False,False,False,False,False,False,False
3610822173,Rystad Energy,jakarta,-6.175247,106.8270488,4 days,Hybrid,200,True,False,False,False,False,False,True,True,False,False,True,False,False,False,False,False,False,False,False,False,False,False,False,False,False,False,False,False,False,False,False,False,False,False,False,False,False,False,False,False,True,False,True,False,False,False,True,False,False,False,False,False,False,False,True,False,True
3625152463,Evermos,bandung,-6.9344694,107.6049539,2 days,Hybrid,200,True,False,False,False,False,False,True,True,False,False,True,False,False,False,False,False,False,True,False,False,False,False,True,False,False,False,False,False,False,False,False,False,False,False,False,False,False,False,False,False,False,False,False,False,False,False,False,True,False,False,False,False,False,False,False,False,False
3520890210,Bank Jasa Jakarta,jakarta,-6.175247,106.8270488,3 weeks,Hybrid,0,True,False,False,False,False,False,True,True,True,True,True,False,True,False,False,False,False,False,False,False,False,False,False,True,False,True,False,False,False,False,False,False,False,True,False,False,False,False,False,False,False,False,False,False,False,False,False,False,False,False,False,False,False,False,True,False,False
3623958625,Agoda,bandung,-6.9344694,107.6049539,2 days,,2,True,False,False,False,False,False,True,True,True,False,True,False,False,False,False,False,True,False,False,False,False,False,False,False,False,False,False,False,False,False,False,False,False,False,False,False,False,False,False,False,True,True,True,False,False,False,True,True,True,False,False,True,False,False,True,False,False
3623959333,Agoda,bali,-8.4560181,115.2703855,2 days,,0,True,False,False,False,False,False,True,True,True,False,True,False,False,False,False,False,True,False,False,False,False,False,False,False,False,False,False,False,False,False,False,False,False,False,False,False,False,False,False,False,True,True,True,False,False,False,True,True,True,False,False,True,False,False,True,False,False
3607461982,Turing,indonesia,-2.4833826,117.8902853,1 month,Remote,89,True,False,False,False,False,False,True,True,False,False,False,False,False,False,False,False,False,False,False,False,False,False,False,False,False,False,False,False,False,False,False,False,False,False,False,False,False,False,False,False,True,True,False,False,False,False,False,False,False,False,False,False,False,False,True,False,False
3607463701,Turing,indonesia,-2.4833826,117.8902853,1 month,Remote,154,True,False,False,False,False,False,True,True,False,False,True,False,False,False,False,False,False,False,False,False,False,False,False,False,False,False,False,False,False,False,False,False,False,False,False,False,False,False,False,False,True,True,False,False,False,False,False,False,False,False,False,True,False,False,True,True,True
3618126996,Turing,indonesia,-2.4833826,117.8902853,3 weeks,Remote,23,True,False,False,False,False,False,True,True,True,False,True,False,False,False,False,False,False,False,False,False,False,False,True,True,False,False,False,False,True,False,True,False,False,False,False,False,False,False,False,False,True,True,True,False,False,False,False,False,False,False,False,True,False,False,True,False,False
3623963087,Agoda,jakarta,-6.175247,106.8270488,2 days,,9,True,False,False,False,False,False,True,True,True,False,True,False,False,False,False,False,True,False,False,False,False,False,False,False,False,False,False,False,False,False,False,False,False,False,False,False,False,False,False,False,True,True,True,False,False,False,True,True,True,False,False,True,False,False,True,False,False
3607462187,Turing,indonesia,-2.4833826,117.8902853,1 month,Remote,89,True,True,False,False,False,False,True,True,False,False,True,False,False,False,False,False,False,False,False,False,False,False,False,True,False,False,False,False,True,False,False,False,False,False,False,False,False,False,False,False,True,True,False,False,False,False,False,True,False,False,False,True,False,False,True,True,False
3623957783,Agoda,bandung,-6.9344694,107.6049539,2 days,,8,True,False,False,False,False,False,True,True,True,False,True,False,False,False,False,False,True,False,False,False,False,False,False,False,False,False,False,False,False,False,False,False,False,False,False,False,False,False,False,False,True,True,True,False,False,False,True,True,True,False,False,True,False,False,True,False,False
3612084281,ASTRO,jakarta,-6.175247,106.8270488,1 week,Hybrid,200,True,False,False,False,False,False,False,False,False,False,True,False,False,False,False,False,False,False,False,False,False,False,False,False,False,False,False,False,False,False,False,False,False,False,False,False,False,False,False,False,False,False,False,False,False,False,False,False,False,False,False,False,False,False,False,False,False
3611204797,Shopee,jakarta,-6.175247,106.8270488,2 weeks,On-site,200,True,True,False,False,False,False,True,True,True,False,True,False,False,False,False,False,False,False,False,False,False,False,False,False,False,False,False,False,False,False,False,False,False,False,False,False,False,False,False,False,True,True,True,False,False,False,False,False,False,False,False,False,False,False,True,False,False
3544029929,JAC Group,karawang,-6.3042012,107.307897,1 month,On-site,114,True,False,False,False,False,False,False,False,False,False,False,False,False,False,False,False,False,False,False,False,False,False,False,False,False,False,False,False,False,False,False,False,False,False,False,False,False,False,False,False,False,False,False,False,False,False,False,False,False,False,False,True,False,False,True,False,False
3597715701,Traveloka,jakarta,-6.175247,106.8270488,1 month,On-site,200,True,False,False,False,False,False,True,True,False,False,True,False,False,False,False,False,False,True,False,False,False,False,False,False,False,False,False,False,False,False,False,False,False,False,False,False,False,False,False,False,True,True,False,False,False,False,False,False,False,False,True,False,False,False,False,True,False
3623958621,Agoda,jakarta,-6.175247,106.8270488,2 days,,1,True,False,False,False,False,False,True,True,True,False,True,False,False,False,False,False,True,False,False,False,False,False,False,False,False,False,False,False,False,False,False,False,False,False,False,False,False,False,False,False,True,True,True,False,False,False,True,True,True,False,False,True,False,False,True,False,False
3600784775,Agoda,bali,-8.4560181,115.2703855,4 days,,21,True,False,False,False,False,False,False,False,False,False,False,False,False,False,False,False,False,False,False,False,False,False,False,False,False,False,False,False,False,False,False,False,False,False,False,False,False,False,False,False,True,True,False,False,False,False,False,False,False,False,False,False,False,False,False,False,False
3621017519,PT Berlian Sistem Informasi,jakarta,-6.175247,106.8270488,1 month,On-site,33,True,False,False,False,False,False,True,True,False,False,True,False,False,False,False,False,False,False,False,False,False,False,False,False,False,False,False,False,False,False,False,False,False,False,False,False,False,False,False,False,False,False,False,False,False,False,False,False,False,False,False,True,False,False,True,False,False
3569176363,Traveloka,jakarta,-6.175247,106.8270488,1 month,On-site,200,True,False,False,False,False,False,False,False,False,False,True,False,False,False,False,False,False,False,False,False,False,False,False,True,False,False,False,False,True,True,True,False,False,False,False,False,False,False,False,False,True,True,False,False,False,False,False,False,False,False,False,True,False,False,False,False,False
3607792851,Traveloka,jakarta,-6.175247,106.8270488,2 weeks,On-site,0,True,False,False,False,False,False,False,False,False,False,True,False,False,False,False,False,False,False,False,False,False,False,False,True,False,False,False,False,True,True,True,False,False,False,False,False,False,False,False,False,True,True,False,False,False,False,False,False,False,False,False,True,False,False,False,False,False
3609649860,Ula,jakarta,-6.175247,106.8270488,2 weeks,Hybrid,200,True,False,False,False,False,False,True,True,True,False,True,True,True,False,False,False,False,False,False,False,False,False,False,True,False,True,False,False,False,False,False,False,False,False,True,False,False,False,False,False,False,False,False,False,False,False,False,True,False,False,False,True,False,False,True,False,False
3619566952,Funding Societies | Modalku Group,jakarta,-6.175247,106.8270488,2 days,Remote,104,True,False,False,False,False,False,True,True,False,False,True,False,False,False,False,False,False,False,False,False,False,False,False,False,False,False,False,False,False,False,False,False,False,False,False,False,False,False,False,False,True,True,True,False,False,False,False,False,False,False,False,True,False,False,False,False,False
3624067072,Funding Societies | Modalku Group,jakarta,-6.175247,106.8270488,4 weeks,Remote,28,True,False,False,False,False,False,True,True,False,False,True,False,False,False,False,False,False,False,False,False,False,False,False,False,False,False,False,False,False,False,False,False,False,False,False,False,False,False,False,False,True,True,True,False,False,False,False,False,False,False,False,True,False,False,False,False,False
3576352988,PT Bank KEB Hana Indonesia,jakarta,-6.175247,106.8270488,1 month,On-site,200,True,False,False,False,False,False,True,True,True,True,True,True,True,False,False,False,False,False,True,False,False,False,False,True,False,True,True,False,False,False,False,False,False,True,True,False,False,False,False,False,True,False,True,False,False,False,False,False,False,False,False,False,False,False,False,False,False
3575869131,Michael Page,jakarta,-6.175247,106.8270488,2 months,On-site,54,True,False,False,False,False,False,False,False,False,False,False,False,False,False,False,False,False,False,False,False,False,False,False,False,False,False,False,False,False,False,False,False,False,False,True,False,False,False,False,False,True,False,True,False,False,False,False,False,False,False,False,True,False,False,True,False,False
3618611334,PT Bank Jago Tbk,jakarta,-6.175247,106.8270488,1 month,On-site,18,True,False,False,False,False,False,True,True,False,False,True,False,False,False,False,False,False,False,False,False,False,False,False,False,False,False,False,False,False,False,False,False,False,False,False,False,False,False,False,False,False,False,False,False,False,False,False,False,False,False,True,True,False,False,False,False,False
3599831822,Schoters,jakarta,-6.175247,106.8270488,4 weeks,On-site,200,True,False,False,False,False,False,True,True,False,False,True,False,False,False,False,False,False,False,False,False,False,False,False,False,False,False,False,False,False,False,False,False,False,False,False,False,False,False,False,False,False,False,False,False,False,False,False,False,False,False,False,True,False,False,False,False,False
3575812833,Amar Bank,jakarta,-6.175247,106.8270488,2 months,On-site,183,True,False,False,False,False,False,True,True,True,False,True,False,False,False,False,False,False,True,False,False,False,False,False,False,False,False,False,False,False,False,False,False,False,False,False,False,False,False,False,False,True,True,True,False,False,False,True,True,False,False,True,False,False,False,False,False,False
3598182794,Campaign.com,jakarta,-6.175247,106.8270488,1 month,Remote,0,True,False,False,False,False,False,False,False,False,False,False,False,False,False,False,False,False,False,False,False,False,False,False,False,False,False,False,False,False,False,False,False,False,False,False,False,False,False,False,False,False,False,False,False,False,False,False,False,False,False,False,False,False,False,False,False,False
3575866476,Michael Page,jakarta,-6.175247,106.8270488,2 months,On-site,14,True,False,False,False,False,False,False,False,False,False,True,False,False,False,False,False,False,True,False,False,False,False,False,False,False,False,False,False,False,False,False,False,False,False,False,False,False,False,False,False,True,True,False,False,False,False,False,False,False,False,False,False,False,False,False,False,False
3620762712,AgriAku,jakarta,-6.175247,106.8270488,4 days,Hybrid,0,True,False,False,False,False,False,False,False,False,False,False,False,False,False,False,False,False,False,False,False,False,False,False,False,False,False,False,False,False,False,False,False,False,False,False,False,False,False,False,False,False,False,False,False,False,False,False,False,False,False,False,False,False,False,False,False,False
3625193865,MatchaTalent,jakarta,-6.175247,106.8270488,2 days,Hybrid,18,True,False,False,False,False,False,True,True,True,False,True,False,False,False,False,False,False,False,False,False,False,False,False,True,True,True,False,False,False,False,False,False,False,False,False,False,False,False,False,False,False,False,False,False,False,False,False,False,True,False,False,True,False,False,False,False,False
3465578541,Packet Systems Indonesia,jakarta,-6.175247,106.8270488,4 months,On-site,200,True,False,False,False,False,False,False,False,False,False,False,False,False,False,False,False,False,False,False,False,False,False,False,True,False,False,False,False,False,False,True,False,False,False,False,False,False,False,False,False,True,True,True,False,False,False,False,False,False,False,False,True,False,False,True,False,False
3615638727,WeNetwork,jakarta,-6.175247,106.8270488,1 week,Hybrid,0,True,False,False,True,False,False,False,False,False,False,False,False,False,False,False,False,False,False,False,False,False,False,False,False,False,False,False,False,False,False,False,False,False,False,False,False,False,False,False,False,False,False,False,False,False,False,False,False,False,False,False,False,False,False,False,False,False
3607470940,WeNetwork,jakarta,-6.175247,106.8270488,2 weeks,On-site,19,True,False,False,False,False,False,True,True,True,False,True,False,False,False,False,False,False,False,False,False,False,False,False,True,True,True,False,False,False,False,False,False,False,False,False,False,False,False,False,False,False,False,False,False,False,False,False,False,True,False,False,True,False,False,False,False,False
3609901754,WeNetwork,jakarta,-6.175247,106.8270488,2 weeks,Hybrid,0,True,False,False,False,False,False,True,True,True,False,True,False,False,False,False,False,False,False,False,False,False,False,False,True,True,True,False,False,False,False,False,False,False,False,False,False,False,False,False,False,False,False,False,False,False,False,False,False,True,False,False,True,False,False,False,False,False
3619813194,ATI Business Group,jakarta,-6.175247,106.8270488,2 weeks,Hybrid,16,True,False,False,False,False,False,False,False,False,False,False,False,False,False,False,False,False,False,False,False,False,False,False,False,False,False,False,False,False,False,False,False,False,False,True,False,False,False,False,False,False,False,False,False,False,False,False,False,False,False,False,True,False,False,True,False,False
3580760331,Hakuhodo Digital Indonesia,duri selatan,-6.1587842,106.8046704,2 months,On-site,200,True,False,False,False,False,False,True,True,False,False,True,False,False,False,False,False,False,False,False,False,False,False,False,False,False,False,False,False,False,False,False,False,False,False,False,False,False,False,False,False,False,False,False,False,False,False,True,False,False,False,False,False,False,False,False,False,False
3617955218,WeNetwork,jakarta,-6.175247,106.8270488,1 week,Hybrid,3,True,False,False,True,False,False,False,False,False,False,False,False,False,False,False,False,False,False,False,False,False,False,False,False,False,False,False,False,False,False,False,False,False,False,False,False,False,False,False,False,False,False,False,False,False,False,False,False,False,False,False,False,False,False,False,False,False
3590304840,Manajemen Pelaksana Program Kartu Prakerja,jakarta,-6.175247,106.8270488,2 months,On-site,200,True,False,False,False,False,False,True,True,True,False,True,False,False,False,False,False,False,False,False,False,False,False,False,False,False,False,False,False,False,False,False,False,False,False,False,False,False,False,False,False,False,False,False,False,False,False,False,False,False,False,False,False,False,False,False,False,False
3606854478,Mythic Protocol,indonesia,-2.4833826,117.8902853,2 weeks,Remote,200,True,False,False,False,False,False,True,True,False,False,True,False,False,False,False,False,False,False,False,False,False,False,False,False,False,False,False,False,False,False,False,False,False,False,False,False,False,False,False,False,True,True,True,False,False,False,False,False,False,False,True,True,False,False,False,True,False
3619807799,ATI Business Group,jakarta,-6.175247,106.8270488,2 weeks,On-site,1,True,False,False,False,False,False,False,False,False,False,False,False,False,False,False,False,False,False,False,False,False,False,False,False,False,False,False,False,False,False,False,False,False,False,False,False,False,False,False,True,False,False,False,False,False,False,False,False,False,False,False,True,False,False,True,False,False
3590949137,Malilkids,bandung barat,-6.897754,107.4124294,1 month,On-site,107,True,False,False,False,False,False,False,False,False,False,False,False,False,False,False,False,False,False,False,False,False,False,False,False,False,False,False,False,False,False,False,False,False,False,False,False,False,False,False,False,False,False,False,False,False,False,False,False,False,False,False,False,False,False,False,False,False
3609613879,Fazz,jakarta,-6.175247,106.8270488,2 weeks,On-site,109,True,False,False,False,False,False,True,True,True,False,False,True,True,False,False,False,False,True,False,False,False,False,False,False,False,False,False,False,False,False,False,False,False,False,False,False,False,False,False,False,True,True,False,False,False,False,False,False,False,False,False,True,False,False,False,False,False
3587498079,"Hisense International Co., Ltd",jakarta,-6.175247,106.8270488,1 month,On-site,196,True,False,False,False,False,False,False,False,False,False,False,False,False,False,False,False,False,False,False,False,False,False,False,False,False,False,False,False,False,False,False,False,False,False,False,False,False,False,False,False,False,False,False,False,False,False,False,False,False,False,False,False,False,False,False,False,False
3605644612,TalentKompass Deutschland,ubud,-8.5068977,115.2622931,2 weeks,Remote,200,True,False,False,False,False,False,False,False,False,False,False,False,False,False,False,False,False,False,False,False,False,False,False,False,False,False,False,False,False,False,False,False,False,False,True,False,False,False,False,False,True,True,True,False,False,False,False,False,False,False,False,True,False,False,True,False,False
3590951018,Alfar Butcher,bandung,-6.9344694,107.6049539,1 month,On-site,114,True,False,False,False,False,False,False,False,False,False,False,False,False,False,False,False,False,False,False,False,False,False,False,False,False,False,False,False,False,False,False,False,False,False,False,False,False,False,False,False,False,False,False,False,False,False,False,False,False,False,False,False,False,False,False,False,False
3453215797,MatchaTalent,jakarta,-6.175247,106.8270488,4 months,Hybrid,63,True,False,False,False,False,False,True,True,True,False,True,False,False,False,False,False,False,False,False,False,False,False,False,True,True,True,False,False,False,False,False,False,False,False,False,False,False,False,False,False,False,False,False,False,False,False,False,False,True,False,False,True,False,False,False,False,False
3616095396,Funding Societies | Modalku Group,jakarta,-6.175247,106.8270488,1 week,Remote,200,True,False,False,False,False,False,False,False,False,False,True,False,False,False,False,False,False,False,False,False,False,False,False,False,False,False,False,False,False,False,False,False,False,False,False,False,False,False,False,False,True,True,True,False,False,False,False,False,False,False,False,False,False,False,False,False,False
3575863895,Michael Page,jakarta,-6.175247,106.8270488,2 months,Hybrid,6,True,False,False,False,False,False,True,True,True,False,True,False,False,False,False,False,False,False,False,False,False,False,False,True,False,False,False,False,True,True,True,False,False,False,False,False,False,False,False,False,True,True,False,False,False,False,False,False,False,False,False,False,False,False,False,False,False
3583054143,PT Code Development Indonesia,jakarta,-6.175247,106.8270488,1 month,,134,True,False,False,False,False,False,False,False,False,False,False,False,False,False,False,False,False,False,False,False,False,False,False,False,False,False,False,False,False,False,False,False,False,False,False,False,False,False,False,False,False,False,False,False,False,False,False,False,False,False,False,False,False,False,False,False,False
3595123622,"Love, Bonito",jakarta,-6.175247,106.8270488,1 month,Remote,200,True,False,False,False,False,False,True,True,False,False,True,False,False,False,False,False,False,False,False,False,False,False,False,True,False,False,False,False,True,False,False,False,False,False,False,False,False,False,False,False,True,True,False,False,False,False,False,True,False,False,False,True,False,False,False,False,False
3580745866,byOrange,jakarta,-6.175247,106.8270488,2 months,On-site,127,True,False,False,False,False,False,False,False,False,False,True,False,False,False,False,False,False,False,False,False,False,False,False,False,False,False,False,False,False,False,False,False,False,False,False,False,False,False,False,False,False,False,False,False,False,False,False,False,False,False,False,False,False,False,False,False,False
3582105491,PT Istana Mobil Surabaya Indah,east java,-7.6977397,112.4914199,2 months,On-site,22,True,False,False,False,False,False,False,False,False,False,False,False,False,False,False,False,False,False,False,False,False,False,False,False,False,False,False,False,False,False,False,False,False,False,False,False,False,False,False,False,False,False,False,False,False,False,False,False,False,False,False,False,False,False,False,False,False
3578878769,IDS Medical Systems Indonesia,jakarta,-6.175247,106.8270488,2 months,On-site,24,True,False,False,False,False,False,False,False,False,False,False,False,False,False,False,False,False,False,False,False,False,False,False,False,False,False,False,False,False,False,False,False,False,False,True,True,False,False,False,False,True,False,True,False,False,False,False,False,False,False,False,True,False,False,False,False,False
3608889563,Power Commerce Asia,jakarta,-6.175247,106.8270488,2 weeks,On-site,18,True,False,False,False,False,False,False,False,False,False,True,True,True,False,False,False,True,False,False,False,False,False,False,False,False,False,False,False,False,False,False,False,False,False,False,False,False,False,False,False,False,False,False,False,False,False,False,False,False,False,False,True,False,False,True,False,False
3598813873,UNDP Indonesia,central jakarta,-6.18234,106.8428715,3 weeks,On-site,6,True,False,False,False,False,False,False,False,False,False,False,False,False,False,False,False,False,False,False,False,False,False,False,False,False,False,False,False,False,False,False,False,False,False,False,False,False,False,False,False,False,False,False,False,False,False,False,False,False,False,False,False,False,False,False,False,False
3406467661,Agoda,jakarta,-6.175247,106.8270488,2 weeks,,136,False,True,False,False,False,False,False,False,False,False,True,False,False,False,False,False,False,False,False,False,False,False,False,False,False,False,False,False,False,False,False,False,False,False,False,False,False,False,False,False,True,True,False,False,False,False,False,False,False,False,False,True,False,False,True,True,False
3397901725,Circles.Life,jakarta,-6.175247,106.8270488,2 weeks,On-site,200,False,True,False,False,False,False,False,False,False,False,False,False,False,False,False,False,False,False,False,False,False,False,False,False,False,False,False,False,False,False,False,False,False,False,True,False,False,False,False,False,False,False,False,False,False,False,False,False,False,False,False,True,False,False,False,False,False
3599364307,PT Cheil Worldwide Indonesia,jakarta,-6.175247,106.8270488,3 weeks,On-site,200,False,True,False,False,False,False,False,False,False,False,True,True,False,False,False,False,True,False,False,False,False,False,False,True,False,False,False,False,True,True,True,False,False,False,False,False,False,False,False,False,True,True,True,False,False,False,False,False,False,False,False,False,False,False,False,False,False
3425554422,Ninja Xpress,jakarta,-6.175247,106.8270488,2 weeks,Hybrid,200,False,True,False,False,False,False,False,False,False,False,True,False,False,False,False,False,True,False,False,False,False,False,False,False,False,False,False,False,False,False,False,False,False,False,False,False,False,False,False,False,True,False,True,False,False,False,False,False,False,False,False,False,False,False,False,False,False
3611789837,"Indocyber Global Teknologi, PT",jakarta,-6.175247,106.8270488,1 week,On-site,91,False,True,False,False,False,False,False,False,False,False,True,False,False,False,False,False,True,False,False,False,False,False,False,True,False,False,False,False,True,True,True,False,False,False,False,False,False,False,False,False,True,True,True,False,False,False,False,False,False,False,False,False,False,False,False,True,False
3602524599,tiket.com,jakarta,-6.175247,106.8270488,3 weeks,Hybrid,200,False,True,False,False,False,False,True,True,False,False,True,False,False,False,False,False,False,False,False,False,False,False,False,False,False,False,False,False,False,False,False,False,False,False,False,False,False,False,False,False,True,True,False,False,False,False,False,False,False,False,True,True,False,False,False,False,False
3623960429,Flash Coffee,jakarta,-6.175247,106.8270488,2 days,On-site,104,False,True,False,False,False,False,True,True,False,False,True,False,False,False,False,False,False,False,False,False,False,False,False,False,False,False,False,False,False,False,False,False,False,False,False,False,False,False,False,False,False,False,False,False,False,False,False,False,False,False,False,False,False,False,False,False,False
3586421127,Axians NL,laren,-7.1291105,109.5938963,1 month,On-site,37,False,True,True,False,False,False,False,False,False,False,True,False,False,False,False,False,False,False,False,False,False,False,True,True,False,False,False,False,False,False,True,False,False,False,False,False,False,False,False,False,True,True,True,False,False,False,False,False,False,False,False,False,False,False,False,True,False
3611205827,SeaBank Indonesia,jakarta,-6.175247,106.8270488,1 month,On-site,200,False,True,False,False,False,False,True,True,False,False,True,False,False,False,False,False,False,False,False,False,False,False,False,False,False,False,False,False,False,False,False,False,False,False,False,False,False,False,False,False,False,False,False,False,False,False,False,False,False,False,False,False,False,False,True,False,False
3614228367,VINCI,laren,-7.1291105,109.5938963,1 month,On-site,9,False,True,True,False,False,False,False,False,False,False,True,False,False,False,False,False,False,False,False,False,False,False,True,True,False,False,False,False,False,False,True,False,False,False,False,False,False,False,False,False,True,True,True,False,False,False,False,False,False,False,False,False,False,False,False,True,False
3611204897,SeaBank Indonesia,jakarta,-6.175247,106.8270488,1 month,On-site,110,False,True,False,False,False,False,True,True,False,False,False,False,False,False,False,False,False,False,False,False,False,False,False,False,False,False,False,False,False,False,False,False,False,False,False,False,False,False,False,False,False,False,False,False,False,False,False,False,False,False,False,True,False,False,False,False,False
3622721637,Tinkerlust,jakarta,-6.175247,106.8270488,4 days,On-site,136,False,True,False,False,False,False,True,True,True,False,False,False,False,False,False,False,False,False,False,False,False,False,False,False,False,False,False,False,False,False,False,False,False,False,False,False,False,False,False,False,True,True,True,False,False,False,False,False,False,False,True,True,False,False,False,False,False
3611195037,PT Jutarasa Abadi,jakarta,-6.175247,106.8270488,1 month,On-site,114,False,True,False,False,False,False,False,False,False,False,False,False,False,False,False,False,False,False,False,False,False,False,False,False,False,False,False,False,False,False,False,False,False,False,True,True,False,False,False,False,False,False,False,False,False,False,False,False,False,False,False,True,False,False,False,False,False
3614256539,VINCI,laren,-7.1291105,109.5938963,1 month,On-site,0,False,True,False,False,False,False,False,False,False,False,False,False,False,False,False,False,False,False,False,False,False,False,True,True,False,False,False,False,False,False,True,False,False,False,False,False,False,False,False,False,True,True,True,False,False,False,False,False,False,False,False,False,False,False,False,False,False
3586418502,Axians NL,laren,-7.1291105,109.5938963,2 months,On-site,3,False,True,False,False,False,False,False,False,False,False,False,False,False,False,False,False,False,False,False,False,False,False,True,True,False,False,False,False,False,False,True,False,False,False,False,False,False,False,False,False,True,True,True,False,False,False,False,False,False,False,False,False,False,False,False,False,False
3611205740,Shopee,jakarta,-6.175247,106.8270488,2 weeks,On-site,70,False,True,True,False,False,False,True,True,False,True,True,False,False,False,False,False,False,False,False,False,False,False,False,True,False,True,False,False,False,False,False,False,False,False,False,False,False,False,False,False,False,False,False,False,False,False,False,False,False,False,False,True,False,False,False,False,False
3574095336,Bibit.id,jakarta,-6.175247,106.8270488,1 month,Remote,200,False,True,False,False,False,False,True,True,False,False,True,True,False,False,False,False,False,True,False,False,False,False,False,False,False,False,False,False,False,False,False,False,False,False,True,False,False,False,False,False,True,True,False,False,False,False,False,False,False,False,False,True,False,False,False,True,False
3569098487,Agoda,bandung,-6.9344694,107.6049539,4 days,Hybrid,19,False,True,False,False,False,False,True,True,True,False,True,False,False,False,False,False,False,False,False,False,False,False,True,True,False,True,True,False,False,True,False,False,False,True,False,False,False,False,False,False,True,True,True,False,False,False,False,True,False,False,False,False,False,False,False,False,True
3603064586,Indonesia Financial Group (IFG),jakarta,-6.175247,106.8270488,3 weeks,On-site,200,False,True,False,False,False,False,False,False,False,False,False,False,False,False,False,False,False,False,False,False,False,False,False,False,False,False,False,False,False,False,False,False,False,False,False,False,False,False,False,False,False,False,False,False,False,False,False,False,False,False,False,False,False,False,False,False,False
3620436836,Halodoc,jakarta,-6.175247,106.8270488,5 days,Hybrid,37,False,True,False,False,False,False,False,False,False,False,True,False,False,False,False,False,False,False,False,False,False,False,False,False,False,False,False,False,False,False,False,False,False,False,False,False,False,False,False,False,False,False,False,False,False,False,False,False,False,False,False,False,False,False,True,False,False
3459222626,Agoda,jakarta,-6.175247,106.8270488,2 days,,98,False,True,False,False,False,False,False,False,False,False,True,False,False,False,False,False,False,False,False,False,False,False,False,False,False,False,False,False,False,False,False,False,False,False,False,False,False,False,False,False,True,True,False,False,False,False,False,False,False,False,False,True,False,False,True,True,False
3501496571,Agoda,jakarta,-6.175247,106.8270488,3 days,,93,False,True,False,False,False,False,False,False,False,False,True,False,False,False,False,False,False,False,False,False,False,False,False,False,False,False,False,False,False,False,False,False,False,False,False,False,False,False,False,False,True,True,False,False,False,False,False,False,False,False,False,True,False,False,True,True,False
3599041848,Magna Solusi Indonesia,jakarta,-6.175247,106.8270488,1 month,Hybrid,4,False,True,False,False,False,False,True,True,False,False,True,True,False,False,False,False,False,False,False,False,False,False,False,True,False,False,False,False,False,False,True,False,False,False,False,False,False,False,False,False,True,False,True,False,False,False,False,False,False,False,False,True,False,False,True,True,False
3471866954,Ninja Xpress,jakarta,-6.175247,106.8270488,1 week,Hybrid,200,False,True,False,False,False,False,False,False,False,False,True,False,False,False,False,False,False,False,False,False,False,False,False,False,False,False,False,False,False,False,False,False,False,False,False,False,False,False,False,False,True,True,False,False,False,False,False,False,False,False,True,False,False,False,False,False,False
3605403682,Kraft Heinz ABC Indonesia,jakarta,-6.175247,106.8270488,1 month,On-site,11,False,True,False,False,False,False,False,False,False,False,True,False,False,False,False,False,True,False,False,False,False,False,False,False,False,False,False,False,False,False,False,False,False,False,False,False,False,False,False,False,True,True,False,False,False,False,True,False,False,False,False,False,False,False,True,False,False
3606471788,Aliz,jakarta,-6.175247,106.8270488,1 week,Hybrid,102,False,False,True,False,False,False,False,False,False,False,True,False,False,False,False,False,False,False,False,False,False,False,False,True,False,False,False,False,False,True,False,False,False,False,False,False,False,False,False,False,False,False,False,False,False,False,False,True,False,False,False,True,False,False,True,False,False
3520887405,Bank Jasa Jakarta,jakarta,-6.175247,106.8270488,3 weeks,Hybrid,200,False,False,True,False,False,False,True,True,True,True,False,False,True,False,False,False,False,False,False,False,False,False,False,True,False,False,False,False,True,True,True,False,False,False,False,False,False,False,False,False,False,False,False,False,False,False,False,False,False,False,False,True,False,False,True,True,False
3610081461,Lancesoft Indonesia,jakarta,-6.175247,106.8270488,1 week,On-site,141,False,False,True,False,False,False,False,False,False,False,False,False,False,False,False,False,False,False,False,False,False,False,False,False,False,False,False,False,False,False,False,False,False,False,False,False,False,False,False,False,False,False,False,False,False,False,False,False,False,False,False,False,False,False,False,False,False
3595624133,iZeno,jakarta,-6.175247,106.8270488,4 weeks,Hybrid,200,False,False,True,False,False,False,True,True,True,False,True,False,False,True,False,False,False,False,False,True,True,False,True,False,False,False,False,False,False,False,False,False,False,False,False,False,False,False,False,False,False,False,False,False,False,False,False,False,False,False,False,False,False,False,False,False,False
3501487989,Accenture Southeast Asia,jakarta,-6.175247,106.8270488,1 week,Hybrid,200,False,False,True,False,False,False,True,True,False,True,True,False,False,False,False,False,False,False,True,False,False,False,False,True,True,True,True,False,True,True,True,False,False,False,False,False,False,False,False,False,False,False,False,False,False,False,False,True,False,False,False,True,False,False,False,False,False
3605868208,Agoda,bandung,-6.9344694,107.6049539,2 weeks,,9,False,False,True,False,False,False,True,False,False,True,True,False,False,False,False,False,False,False,False,False,False,False,False,True,False,True,False,False,False,False,False,False,False,True,False,False,False,False,False,False,False,False,False,False,False,False,False,False,False,False,False,False,False,False,False,False,False
3599773524,JULO,jakarta selatan,-6.2838182,106.8048633,3 weeks,Hybrid,200,False,False,True,False,False,False,True,True,False,False,True,False,True,False,False,False,False,False,False,False,False,False,False,True,False,True,True,False,True,True,True,False,False,True,False,False,False,False,False,False,False,False,False,False,False,False,False,True,False,False,False,True,False,False,False,True,False
3606610910,PT Lion Super Indo,jakarta,-6.175247,106.8270488,2 weeks,On-site,200,False,False,True,False,False,False,False,False,False,False,True,False,False,False,False,False,False,False,True,False,False,False,False,False,False,False,False,False,False,False,False,False,False,False,False,False,False,False,False,False,False,False,False,False,False,False,False,False,False,False,False,False,False,False,False,False,False
3562463104,Sea,jakarta,-6.175247,106.8270488,1 week,,75,False,False,True,False,False,False,True,True,False,True,True,False,False,False,False,False,False,False,False,False,False,False,False,True,False,True,True,False,False,False,False,False,False,False,False,False,False,False,False,False,False,False,False,False,False,False,False,False,False,False,False,True,False,False,False,False,False
3500674056,Cermati.com,jakarta,-6.175247,106.8270488,1 week,Remote,200,False,False,True,False,False,False,True,True,False,False,False,False,True,False,True,False,False,True,True,False,False,False,False,True,False,True,True,False,False,False,False,False,False,True,False,False,False,False,False,False,False,False,False,False,False,False,False,True,False,False,False,False,False,False,True,False,False
3607458402,Turing,indonesia,-2.4833826,117.8902853,1 month,Remote,6,False,False,True,False,False,False,True,True,False,False,False,False,False,False,False,False,False,False,False,False,False,False,False,False,False,False,False,False,False,False,False,False,False,False,False,False,False,False,False,False,False,False,False,False,False,False,False,False,False,False,False,True,False,False,True,False,False
3615971304,Blue Cross Blue Shield of Arizona,lembang,-6.8111033,107.6171239,1 week,On-site,51,False,False,True,False,False,False,False,False,False,False,True,False,True,False,False,False,True,False,True,False,False,False,False,True,False,False,False,False,False,False,False,False,False,True,False,False,True,False,False,False,False,False,False,False,False,False,True,False,False,False,False,True,False,False,False,True,False
3473481169,NTT Ltd.,jakarta,-6.175247,106.8270488,1 month,Hybrid,200,False,False,True,False,False,False,True,True,True,False,True,True,False,False,False,False,True,False,False,True,False,False,False,True,False,False,False,False,False,False,False,False,False,True,True,False,False,False,False,False,True,False,True,False,False,False,True,True,True,False,False,True,True,False,True,True,False
3614535034,VLink Inc,jakarta,-6.175247,106.8270488,1 week,On-site,133,False,False,True,False,False,False,True,True,True,False,True,False,False,False,False,False,False,False,False,False,False,False,False,True,False,False,False,False,False,False,False,False,False,True,False,False,False,False,False,False,False,False,False,False,False,False,False,False,False,False,False,False,False,False,False,False,False
3614200682,Turing,jakarta,-6.175247,106.8270488,3 weeks,Remote,3,False,False,True,False,False,False,True,True,False,True,False,False,False,False,True,False,False,True,False,False,False,False,False,True,False,True,True,False,False,False,False,True,False,False,False,False,False,False,False,False,False,False,False,False,False,False,False,True,False,False,False,True,False,False,True,False,False
3607461109,Turing,indonesia,-2.4833826,117.8902853,1 month,Remote,1,False,False,True,False,False,False,True,True,False,False,True,False,False,False,False,False,False,False,False,False,False,False,False,True,False,False,False,False,False,False,True,False,False,False,False,False,False,False,False,False,False,False,False,False,False,False,False,False,False,False,False,False,False,False,True,False,False
3618131547,Turing,indonesia,-2.4833826,117.8902853,2 weeks,Remote,0,False,False,True,False,False,False,False,False,False,False,False,False,False,False,False,False,False,False,False,False,False,False,False,False,False,False,False,False,False,False,False,False,False,False,False,False,False,False,False,False,False,False,False,False,False,False,False,False,False,False,False,True,False,False,True,False,False
3607461200,Turing,indonesia,-2.4833826,117.8902853,1 month,Remote,3,False,False,True,False,False,False,True,True,False,True,False,False,False,False,True,False,False,True,False,False,False,False,False,True,False,True,True,False,False,False,False,True,False,False,False,False,False,False,False,False,False,False,False,False,False,False,False,True,False,False,False,True,False,False,True,False,False
3607460545,Turing,indonesia,-2.4833826,117.8902853,1 month,Remote,0,False,False,True,False,False,False,True,True,False,False,True,False,False,False,False,False,False,False,False,False,False,False,True,True,False,True,False,False,True,False,False,False,False,False,False,False,False,False,False,False,False,False,False,False,False,False,False,False,False,False,False,False,False,False,True,False,False
3618137012,Turing,indonesia,-2.4833826,117.8902853,2 weeks,Remote,2,False,False,True,False,False,False,True,True,False,True,True,False,False,False,False,False,True,False,False,False,False,False,True,True,True,True,True,False,True,False,False,False,False,True,False,False,False,False,False,False,False,False,False,False,False,False,False,False,False,False,False,True,False,False,True,True,True
3618125925,Turing,indonesia,-2.4833826,117.8902853,3 weeks,Remote,0,False,False,True,False,False,False,True,True,False,False,True,False,False,False,False,False,False,False,True,False,False,False,False,True,True,True,False,False,True,True,True,True,True,True,False,False,False,False,False,False,False,False,False,False,False,False,False,False,False,False,False,True,False,False,True,False,False
3607454994,Turing,indonesia,-2.4833826,117.8902853,1 month,Remote,7,False,False,True,False,False,False,False,False,False,False,True,False,True,True,False,False,False,False,False,True,False,False,False,True,True,False,False,False,False,False,True,False,False,False,False,False,False,False,False,False,True,True,True,False,False,False,False,False,False,False,False,False,False,False,True,True,False
3607463093,Turing,indonesia,-2.4833826,117.8902853,1 month,Remote,0,False,False,True,False,False,False,True,True,False,False,True,False,False,False,False,False,False,False,False,False,False,False,True,True,False,True,False,False,True,False,False,False,False,False,False,False,False,False,False,False,False,False,False,False,False,False,False,False,False,False,False,False,False,False,True,False,False
3624664302,Turing,indonesia,-2.4833826,117.8902853,4 days,Remote,6,False,False,True,False,False,False,True,True,False,True,True,False,False,False,False,False,True,False,False,False,False,False,True,True,True,True,True,False,True,False,False,False,False,True,False,False,False,False,False,False,False,False,False,False,False,False,False,False,False,False,False,True,False,False,True,True,True
3607457465,Turing,indonesia,-2.4833826,117.8902853,1 month,Remote,3,False,False,True,False,False,False,True,True,False,False,True,False,False,False,False,False,False,False,False,False,False,False,True,True,False,False,False,False,True,False,False,False,False,False,False,False,False,False,False,False,False,False,False,False,False,False,False,False,False,False,False,True,False,False,True,False,False
3605865922,Agoda,bali,-8.4560181,115.2703855,2 weeks,,6,False,False,True,False,False,False,True,False,False,True,True,False,False,False,False,False,False,False,False,False,False,False,False,True,False,True,False,False,False,False,False,False,False,True,False,False,False,False,False,False,False,False,False,False,False,False,False,False,False,False,False,False,False,False,False,False,False
3607459435,Turing,indonesia,-2.4833826,117.8902853,1 month,Remote,4,False,False,True,False,False,False,False,False,False,False,False,False,False,False,False,False,False,False,False,False,False,False,False,True,False,False,True,False,False,False,False,False,False,False,False,False,False,False,False,False,False,False,False,False,False,False,False,False,False,False,False,True,False,False,True,False,False
3606004664,Turing,indonesia,-2.4833826,117.8902853,3 weeks,Remote,18,False,False,True,False,False,False,True,True,False,True,True,False,False,False,False,False,False,False,True,False,False,False,False,True,False,False,True,False,False,True,False,False,False,False,False,False,False,False,False,False,True,True,False,False,False,False,False,False,False,False,False,True,False,False,True,False,False
3618133413,Turing,indonesia,-2.4833826,117.8902853,3 weeks,Remote,1,False,False,True,False,False,False,False,False,False,False,False,False,False,False,False,False,False,False,False,False,False,False,False,True,False,False,False,False,True,False,False,False,False,False,False,False,False,False,False,False,False,False,False,False,False,False,False,False,False,False,False,True,False,False,True,False,False
3619630526,Turing,indonesia,-2.4833826,117.8902853,1 week,Remote,6,False,False,True,False,False,False,False,False,False,False,True,False,False,False,False,False,False,False,False,False,False,False,False,True,False,True,False,False,False,False,False,False,False,False,False,False,False,False,False,False,False,False,False,False,False,False,False,False,False,False,False,True,False,False,True,False,False
3618133411,Turing,indonesia,-2.4833826,117.8902853,2 weeks,Remote,15,False,False,True,False,False,False,False,False,False,False,True,False,False,False,False,False,True,False,False,False,False,False,False,True,False,False,False,False,True,False,False,False,False,False,True,False,False,False,False,False,False,False,False,False,False,False,False,False,False,False,False,True,False,False,True,False,False
3625015740,SIRCLO,indonesia,-2.4833826,117.8902853,1 day,Remote,104,False,False,True,False,False,False,True,True,False,False,True,False,False,False,False,False,False,False,False,False,False,False,False,False,False,False,False,False,False,False,False,False,False,False,False,False,False,False,False,False,False,False,False,False,False,False,False,False,False,False,False,False,False,False,False,False,False
3584925810,PT Multipolar Technology Tbk,jakarta,-6.175247,106.8270488,1 month,On-site,130,False,False,True,False,False,False,False,False,False,False,False,False,False,False,False,False,False,False,False,False,False,False,False,False,False,False,False,False,False,False,False,False,False,False,False,False,False,False,False,False,False,False,False,False,False,False,False,False,False,False,False,False,False,False,False,False,False
3619629606,Turing,indonesia,-2.4833826,117.8902853,1 week,Remote,1,False,False,True,False,False,False,True,True,False,True,True,False,False,False,False,False,False,False,False,False,False,False,False,True,False,True,False,False,False,False,True,False,False,False,False,False,False,False,False,False,False,False,False,False,False,False,False,True,False,False,False,True,False,False,True,False,False
3442294198,NRI (Nomura Research Institute),jakarta,-6.175247,106.8270488,5 months,On-site,69,False,False,True,False,False,False,True,True,False,True,True,False,False,False,False,False,False,False,True,False,False,False,False,True,True,True,True,False,True,True,True,False,True,True,False,False,False,False,False,False,True,False,False,True,True,False,False,True,False,False,False,False,False,False,False,True,True
3607464676,Turing,indonesia,-2.4833826,117.8902853,1 month,Remote,0,False,False,True,False,False,False,False,False,False,False,True,False,False,False,False,False,False,False,False,False,False,False,False,False,False,False,False,False,False,False,False,False,False,False,False,False,False,False,False,False,False,False,False,False,False,False,False,False,False,False,False,True,False,False,True,False,False
3617912301,Mobius Digital,tangerang selatan,-6.3227016,106.7085737,1 week,,5,False,False,True,False,False,False,False,False,False,False,False,False,False,False,False,False,False,False,False,False,False,False,False,False,False,False,False,False,False,False,False,False,False,False,False,False,False,False,False,False,False,False,False,False,False,False,False,False,False,False,False,True,False,False,True,False,False
3618129377,Turing,indonesia,-2.4833826,117.8902853,2 weeks,Remote,0,False,False,True,False,False,False,True,True,False,False,True,False,False,False,False,False,False,False,False,False,False,False,False,True,False,False,False,False,True,False,True,False,False,False,False,False,False,False,False,False,True,True,True,False,False,False,False,False,False,False,False,True,False,False,True,False,True
3618189164,DKATALIS,jakarta,-6.175247,106.8270488,1 month,On-site,2,False,False,True,False,False,False,True,True,False,False,False,False,True,False,False,False,False,False,False,False,False,False,False,True,False,False,True,False,False,False,False,False,True,False,False,False,False,False,False,False,False,False,False,False,False,False,False,False,False,False,False,False,False,False,False,True,False
3624574321,OY! Indonesia,jakarta,-6.175247,106.8270488,2 days,On-site,20,False,False,True,False,False,False,True,True,False,False,True,False,False,False,False,False,False,False,False,False,False,False,False,True,False,False,False,False,True,True,False,False,False,False,False,False,False,False,False,False,False,False,False,False,False,False,True,False,False,False,False,False,False,False,False,True,False
3606892335,Jejakin,tangerang selatan,-6.3227016,106.7085737,2 weeks,Hybrid,18,False,False,True,False,False,False,True,True,True,False,True,True,True,False,False,False,False,True,False,False,False,False,False,True,True,True,False,False,False,False,True,False,False,False,False,False,False,False,False,False,True,True,True,False,False,False,False,True,False,False,False,False,False,False,False,False,False
3607465701,Turing,indonesia,-2.4833826,117.8902853,1 month,Remote,1,False,False,True,False,False,False,False,False,False,False,False,False,False,False,False,False,False,False,False,False,False,False,False,False,False,False,False,False,False,False,False,False,False,False,False,False,False,False,False,False,True,True,True,False,False,False,False,False,False,False,False,True,False,False,True,False,False
3600826406,Michael Page,jakarta,-6.175247,106.8270488,3 weeks,On-site,13,False,False,True,False,False,False,False,False,False,False,True,False,False,False,False,False,True,False,False,False,False,False,False,True,False,True,False,False,False,False,True,False,False,False,False,False,False,False,False,False,False,False,False,False,False,False,False,False,False,False,False,False,False,False,False,False,False
3608057712,Mekari,jakarta,-6.175247,106.8270488,2 weeks,,37,False,False,True,False,False,False,False,False,False,False,True,False,False,False,False,False,False,True,False,False,False,False,False,True,False,True,True,False,True,True,False,False,False,False,False,False,False,False,False,False,False,False,False,False,False,False,False,False,False,False,False,False,False,False,False,False,True
3615987988,Rimm Sustainability,jakarta,-6.175247,106.8270488,1 month,,3,False,False,True,False,False,False,True,True,False,False,False,False,False,False,False,False,False,False,False,False,False,False,False,False,False,False,False,False,False,False,False,False,False,False,False,False,False,False,False,False,False,False,False,False,False,False,False,False,False,False,False,False,False,False,False,True,False
3591927116,Bumi Amartha Teknologi Mandiri,jakarta,-6.175247,106.8270488,1 month,On-site,49,False,False,True,False,False,False,False,False,False,False,True,False,False,False,False,False,True,False,False,False,False,False,False,False,False,False,False,False,False,False,False,False,False,False,False,False,False,False,False,False,False,False,False,False,False,False,False,False,False,False,False,False,False,False,False,True,False
3619942923,Nikel,jakarta,-6.175247,106.8270488,1 month,On-site,24,False,False,True,False,False,False,True,True,False,False,True,False,True,True,False,False,False,False,False,False,False,False,False,True,False,False,False,False,False,False,False,True,False,False,False,False,False,False,False,False,False,False,False,False,False,False,False,False,False,False,False,False,False,False,False,False,False
3608862471,JULO,jakarta,-6.175247,106.8270488,2 weeks,Hybrid,32,False,False,True,False,False,False,True,True,False,False,True,False,True,False,False,False,False,False,False,False,False,False,False,True,False,True,True,False,True,True,True,False,False,True,False,False,False,False,False,False,False,False,False,False,False,False,False,False,False,False,False,True,False,False,False,True,False
3624665282,Turing,indonesia,-2.4833826,117.8902853,3 days,Remote,0,False,False,True,False,False,False,True,True,False,False,False,False,False,False,False,False,False,False,False,False,False,False,False,False,False,False,False,False,False,False,False,False,False,False,False,False,False,False,False,False,False,False,False,False,False,False,False,True,False,False,False,True,False,False,True,False,False
3609453324,Fincons Group,roma,-6.47694,108.31556,1 week,On-site,0,False,False,True,False,False,False,False,False,False,False,False,False,False,False,False,False,False,False,False,False,False,False,False,True,False,False,True,False,False,False,False,True,True,False,False,False,False,False,False,False,False,False,False,False,False,False,False,False,False,False,False,False,False,False,False,False,True
3607469267,Turing,indonesia,-2.4833826,117.8902853,1 month,Remote,2,False,False,True,False,False,False,True,True,False,False,True,False,False,False,False,False,False,False,False,False,False,False,False,True,False,False,False,False,False,False,True,False,False,False,False,False,False,False,False,False,False,False,False,False,False,False,False,False,False,False,False,True,False,False,True,True,False
3618129343,Turing,indonesia,-2.4833826,117.8902853,1 week,Remote,2,False,False,True,False,False,False,False,False,False,False,True,False,False,False,False,False,False,False,False,False,False,False,False,False,False,False,False,False,False,False,False,False,False,False,False,False,False,False,False,False,False,False,False,False,False,False,False,False,False,False,False,True,False,False,True,False,False
3611764061,Somethinc - BeautyHaul,jakarta,-6.175247,106.8270488,1 week,On-site,20,False,False,True,False,False,False,True,True,False,True,True,False,False,False,False,False,False,False,False,False,False,False,False,True,False,False,False,False,True,False,False,False,False,False,False,False,False,False,False,False,False,False,False,False,False,False,False,False,False,False,False,True,False,False,False,False,False
3615979178,Turing,jakarta,-6.175247,106.8270488,1 week,Remote,2,False,False,True,False,False,False,False,False,False,False,True,False,False,False,False,False,False,False,False,False,False,False,False,False,False,False,False,False,False,False,False,False,False,False,False,False,False,False,False,False,False,False,False,False,False,False,False,False,False,False,False,True,False,False,True,False,False
3617803150,Turing,indonesia,-2.4833826,117.8902853,1 week,Remote,0,False,False,True,False,False,False,True,True,False,False,True,False,True,False,True,False,False,False,True,False,False,False,False,True,False,False,False,False,True,False,True,True,True,False,False,False,False,False,True,False,False,False,False,False,False,False,False,False,False,False,False,True,False,False,True,False,True
3617018210,Hukumonline.com,jakarta,-6.175247,106.8270488,1 week,On-site,4,False,False,True,False,False,False,True,True,True,False,False,False,False,False,False,False,False,False,False,False,False,False,False,False,False,False,False,False,False,False,False,False,False,False,False,False,False,False,False,False,False,False,False,False,False,False,False,False,False,False,False,True,False,False,False,False,False
3606117139,PT Sejahtera Mitra Solusi,central jakarta,-6.18234,106.8428715,2 weeks,On-site,73,False,False,True,False,False,False,True,True,False,False,True,False,False,False,False,False,False,False,False,False,False,False,False,False,False,False,False,False,False,False,False,False,False,False,False,False,False,False,False,False,False,False,False,False,False,False,False,False,False,False,False,False,False,False,False,False,False
3611210042,Shopee,jakarta,-6.175247,106.8270488,1 month,On-site,7,False,False,True,False,False,False,True,True,False,True,True,False,False,False,False,False,False,False,False,False,False,False,False,True,False,True,True,False,False,False,False,False,False,False,False,False,True,False,False,False,False,False,False,False,False,False,False,False,False,False,False,True,False,False,False,False,False
3590340628,"Love, Bonito",jakarta,-6.175247,106.8270488,2 months,Remote,124,False,False,True,False,False,False,True,True,False,True,True,False,False,False,False,False,False,False,False,False,False,False,False,True,True,True,True,False,False,False,False,False,False,True,False,False,False,False,False,False,False,False,False,False,False,False,False,True,False,False,False,False,True,False,False,True,False
3581489833,Cadmus,jakarta,-6.175247,106.8270488,2 months,Remote,41,False,False,True,False,False,False,False,False,False,False,True,False,False,False,False,False,False,False,False,False,False,False,False,True,False,False,False,True,True,False,False,False,False,False,False,False,False,False,False,False,False,False,False,False,False,False,False,False,False,False,False,True,False,False,False,True,False
3618655224,Octopus Indonesia,jakarta,-6.175247,106.8270488,1 month,On-site,2,False,False,True,False,False,False,True,True,False,False,False,False,False,False,False,False,False,False,False,False,False,False,False,True,False,False,True,False,True,True,True,True,True,False,False,False,False,False,False,False,False,False,False,False,False,False,False,False,False,False,False,False,False,False,False,False,False
3576356525,PT Bank KEB Hana Indonesia,jakarta,-6.175247,106.8270488,1 month,Hybrid,18,False,False,True,False,False,False,True,True,False,False,True,True,True,False,False,False,False,False,True,False,False,False,False,True,True,True,True,False,False,False,False,False,False,True,False,False,False,False,False,False,False,False,False,False,False,False,True,True,False,False,False,False,False,False,False,True,False
3617679528,"PT. Akasha Wira International, Tbk.",jakarta,-6.175247,106.8270488,4 days,On-site,6,False,False,True,False,False,False,False,False,False,False,True,True,False,False,False,False,True,False,True,False,False,False,False,True,False,True,False,False,False,False,False,False,False,True,False,False,False,False,False,False,False,False,False,False,False,False,False,False,False,False,False,False,False,False,False,True,False
3577764137,PT Indopasifik Teknologi Medika Indonesia (Lifepack.id),jakarta,-6.175247,106.8270488,1 month,,23,False,False,True,False,False,False,False,False,False,False,False,False,False,False,False,False,False,False,False,False,False,False,False,False,False,False,False,False,False,False,False,False,False,False,False,False,False,False,False,False,False,False,False,False,False,False,False,False,False,False,False,False,False,False,False,False,False
3598175726,Hacktiv8 Indonesia,jakarta,-6.175247,106.8270488,1 month,On-site,31,False,False,True,False,False,False,True,True,False,False,True,False,False,False,False,False,False,False,False,True,False,False,True,True,True,True,False,False,True,True,False,False,False,True,False,False,False,False,False,False,True,True,False,False,False,False,False,False,False,False,False,False,False,False,False,True,False
3599726747,PT Smartfren Telecom Tbk,jakarta,-6.175247,106.8270488,3 weeks,On-site,56,False,False,True,False,False,False,False,False,False,False,True,False,True,False,False,False,False,False,False,False,False,False,False,False,False,False,False,False,False,False,False,False,False,False,False,False,False,False,False,False,False,False,False,False,False,False,False,True,False,False,False,False,False,False,False,True,False
3580746762,byOrange,jakarta,-6.175247,106.8270488,2 months,On-site,13,False,False,True,False,False,False,True,True,False,False,True,False,True,False,False,False,False,True,True,False,False,False,False,True,False,True,False,False,True,True,True,True,False,True,False,False,False,False,False,False,False,False,False,False,False,False,False,True,False,False,False,True,False,False,False,True,False
3612521064,Hukumonline.com,jakarta,-6.175247,106.8270488,2 weeks,On-site,5,False,False,True,False,False,False,True,True,True,False,False,False,False,False,False,False,False,False,False,False,False,False,False,False,False,False,False,False,False,False,False,False,False,False,False,False,False,False,False,False,False,False,False,False,False,False,True,False,False,False,False,True,False,False,False,False,False
3605865923,Agoda,jakarta,-6.175247,106.8270488,2 weeks,,16,False,False,True,False,False,False,True,False,False,True,True,False,False,False,False,False,False,False,False,False,False,False,False,True,False,True,False,False,False,False,False,False,False,True,False,False,False,False,False,False,False,False,False,False,False,False,False,False,False,False,False,False,False,False,False,False,False
3620335044,"NTT America Solutions, Inc.",jakarta,-6.175247,106.8270488,2 weeks,On-site,0,False,False,True,False,False,False,True,True,True,False,True,True,False,False,False,False,True,False,False,True,False,False,False,True,False,False,False,False,False,False,False,False,False,True,True,False,False,False,False,False,True,False,True,False,False,False,True,True,True,False,False,True,True,False,True,True,False
3620334112,"NTT America Solutions, Inc.",jakarta,-6.175247,106.8270488,2 weeks,On-site,0,False,False,True,False,False,False,True,True,True,False,True,True,False,False,False,False,True,False,False,True,False,False,False,True,False,False,False,False,False,False,False,False,False,True,True,False,False,False,False,False,True,False,True,False,False,False,True,True,True,False,False,True,True,False,True,True,False
3583053108,PT Code Development Indonesia,jakarta,-6.175247,106.8270488,1 month,,5,False,False,True,False,False,False,False,False,False,False,True,False,True,False,False,False,False,False,False,False,False,False,False,False,False,False,False,False,False,False,False,False,False,False,False,False,False,False,False,False,False,False,False,False,False,False,False,False,False,False,False,False,False,False,False,False,False
3609430719,CoinMarketCap,jakarta,-6.175247,106.8270488,1 week,Remote,83,False,False,False,True,False,False,True,True,False,True,False,False,False,False,False,False,False,False,False,False,False,False,False,False,False,False,False,False,False,False,False,False,False,False,False,False,False,False,False,False,False,False,False,False,False,False,False,True,False,False,False,True,False,False,False,False,False
3616024588,Bukalapak,jakarta,-6.175247,106.8270488,1 week,Hybrid,200,False,False,False,True,False,False,True,True,True,False,True,False,False,False,False,False,False,False,False,False,False,False,False,False,False,False,False,False,False,False,False,False,False,False,False,False,False,False,False,False,False,False,False,False,False,False,False,True,False,False,False,False,False,False,False,False,False
3588270986,Cermati.com,jakarta,-6.175247,106.8270488,1 month,On-site,200,False,False,False,True,False,False,True,True,True,False,True,False,False,False,False,False,False,False,False,False,False,False,False,False,False,False,False,False,False,False,False,False,False,False,True,False,False,False,False,False,False,False,False,False,False,False,False,True,True,False,False,True,False,False,False,False,False
3618741145,Gojek,jakarta,-6.175247,106.8270488,1 week,Hybrid,60,False,False,False,True,False,False,True,True,True,False,False,False,False,False,False,False,False,False,False,False,False,False,False,False,False,False,False,False,False,False,False,False,False,False,False,False,False,False,False,False,False,False,False,False,False,False,False,True,False,False,False,True,True,False,False,False,False
3618130572,Turing,indonesia,-2.4833826,117.8902853,2 weeks,Remote,23,False,False,False,True,False,False,True,True,False,False,False,False,False,False,False,False,False,False,False,False,False,False,False,False,False,False,False,False,False,False,False,False,False,False,False,False,False,False,False,False,False,False,False,False,False,False,False,True,False,False,False,True,True,False,True,False,False
3607463343,Turing,indonesia,-2.4833826,117.8902853,1 month,Remote,12,False,False,False,True,False,False,True,True,True,False,False,False,False,False,False,False,False,False,False,False,False,False,False,False,False,False,False,False,False,False,False,False,False,False,False,False,False,False,False,False,False,False,False,False,False,False,True,True,True,False,False,False,False,False,True,False,False
3618130570,Turing,indonesia,-2.4833826,117.8902853,2 weeks,Remote,2,False,False,False,True,False,False,True,True,False,False,False,False,False,False,False,False,False,False,False,False,False,False,False,True,False,False,False,False,True,False,False,True,True,False,False,False,False,False,False,False,False,False,False,False,False,False,False,True,False,False,False,True,True,False,True,False,True
3620097061,GoTo Financial,jakarta,-6.175247,106.8270488,5 days,On-site,21,False,False,False,True,False,False,True,True,True,False,False,False,False,False,False,False,False,False,False,False,False,False,False,False,False,False,False,False,False,False,False,False,False,False,False,False,False,False,False,False,False,False,False,False,False,False,False,True,False,False,False,True,True,False,False,False,False
3618452798,Turing,indonesia,-2.4833826,117.8902853,1 week,Remote,11,False,False,False,True,False,False,True,True,False,False,False,False,False,False,False,False,False,False,False,False,False,False,False,True,False,False,False,False,False,False,True,False,False,False,False,False,False,False,False,False,True,False,False,True,True,False,False,True,False,False,False,True,False,False,True,True,False
3618457354,Turing,jakarta,-6.175247,106.8270488,1 week,Remote,13,False,False,False,True,False,False,True,True,False,False,False,False,False,False,False,False,False,False,False,False,False,False,False,True,False,False,False,False,False,False,True,False,False,False,False,False,False,False,False,False,True,False,False,True,True,False,False,True,False,False,False,True,False,False,True,True,False
3619038979,ADVANCE.AI,jakarta,-6.175247,106.8270488,1 month,Hybrid,9,False,False,False,True,False,False,True,True,False,False,True,False,False,False,False,False,False,False,False,False,False,False,False,False,False,False,False,False,False,False,False,False,False,False,False,False,False,False,False,False,False,False,False,False,False,False,True,False,False,False,False,True,False,False,True,False,False
3580810847,Cobblestone Energy,jakarta,-6.175247,106.8270488,1 month,On-site,200,False,False,False,True,False,False,True,True,True,False,True,False,False,False,False,False,False,False,False,False,False,False,False,False,False,False,False,False,False,False,False,False,False,False,False,False,False,False,False,False,True,False,False,True,True,False,False,False,False,False,False,False,False,False,True,False,False
3625887095,Fingerprint for Success (F4S),indonesia,-2.4833826,117.8902853,3 weeks,Remote,7,False,False,False,True,False,False,False,False,False,False,False,False,False,False,False,False,False,False,False,False,False,False,False,False,False,False,False,False,False,False,False,False,False,False,True,False,False,False,False,False,False,False,False,False,False,False,False,False,False,False,False,False,False,False,False,False,False
3577849284,ilmuOne Data,jakarta,-6.175247,106.8270488,2 months,On-site,200,False,False,False,True,False,False,True,True,False,False,True,False,False,False,False,False,False,False,False,False,False,False,False,True,False,False,False,False,False,True,False,False,False,False,False,False,False,False,False,False,False,False,False,False,False,False,False,True,False,False,True,False,False,False,False,False,False
3607479178,WeNetwork,jakarta,-6.175247,106.8270488,2 weeks,Hybrid,24,False,False,False,True,False,False,True,True,True,False,True,False,False,False,False,False,False,False,False,False,False,False,False,False,False,False,False,False,False,False,False,False,False,False,False,False,False,False,False,False,False,False,False,False,False,False,False,True,False,False,False,True,False,False,False,False,False
3607849734,WeNetwork,jakarta,-6.175247,106.8270488,2 weeks,Hybrid,123,False,False,False,True,False,False,True,True,True,False,True,False,False,False,False,False,False,False,False,False,False,False,False,False,False,False,False,False,False,False,False,False,False,False,False,False,False,False,False,False,False,False,False,False,False,False,False,True,False,False,False,True,False,False,False,False,False
3591661727,Indodana,jakarta,-6.175247,106.8270488,1 month,On-site,200,False,False,False,True,False,False,True,True,True,False,True,False,False,False,False,False,False,False,False,False,False,False,False,False,False,False,False,False,False,False,False,False,False,False,True,False,False,False,False,False,False,False,False,False,False,False,False,True,True,False,False,True,False,False,False,False,False
3585520286,Cobblestone Energy,jakarta,-6.175247,106.8270488,2 months,On-site,59,False,False,False,True,False,False,True,True,False,False,False,False,False,False,False,False,False,False,False,False,False,False,False,False,False,False,False,False,False,False,False,False,False,False,False,False,False,False,False,False,False,False,False,False,False,False,False,True,False,False,False,True,False,False,False,False,False
3610770029,WeNetwork,jakarta,-6.175247,106.8270488,2 weeks,Hybrid,90,False,False,False,True,False,False,True,True,True,False,True,False,False,False,False,False,False,False,False,False,False,False,False,False,False,False,False,False,False,False,False,False,False,False,False,False,False,False,False,False,False,False,False,False,False,False,False,True,False,False,False,True,False,False,False,False,False
3569026736,Turing,indonesia,-2.4833826,117.8902853,1 month,Remote,13,False,False,False,True,False,False,True,True,True,False,True,False,False,False,False,False,False,False,False,False,False,False,False,True,False,False,False,False,False,True,False,False,False,False,False,False,False,False,False,False,False,False,False,False,False,False,False,True,False,False,False,True,True,False,True,False,False
3601097494,Frontiere,roma,-6.47694,108.31556,1 month,Hybrid,49,False,False,False,True,False,False,True,True,False,False,False,False,False,False,False,False,False,False,False,False,False,False,False,False,False,False,False,False,False,False,False,False,False,False,False,False,False,False,False,False,False,False,False,False,False,False,False,True,False,False,False,False,False,False,False,False,False
3608160599,Cermati.com,jakarta,-6.175247,106.8270488,1 week,On-site,30,False,False,False,True,False,False,True,True,False,False,False,False,False,False,False,False,False,False,False,False,False,False,False,False,False,False,False,False,False,False,False,False,False,False,True,False,False,False,False,False,False,False,False,False,False,False,False,False,False,False,False,True,False,False,False,False,False
3612185594,GoTo Financial,jakarta,-6.175247,106.8270488,2 weeks,On-site,118,False,False,False,True,False,False,True,True,True,False,False,False,False,False,False,False,False,False,False,False,False,False,False,False,False,False,False,False,False,False,False,False,False,False,False,False,False,False,False,False,False,False,False,False,False,False,False,False,False,False,False,True,True,False,False,False,False
3598179889,Desty Indonesia,jakarta,-6.175247,106.8270488,1 month,On-site,125,False,False,False,True,False,False,True,True,True,False,False,False,False,False,False,False,False,False,False,False,False,False,False,True,False,False,False,False,True,True,False,False,False,False,False,False,False,False,False,False,True,True,False,False,False,False,True,True,False,False,True,True,False,False,False,False,False
3618128850,Turing,indonesia,-2.4833826,117.8902853,1 week,Remote,4,False,False,False,True,False,False,True,True,False,False,False,False,False,False,False,False,False,False,False,False,False,False,False,True,False,False,False,False,True,False,False,True,True,False,False,False,False,False,False,False,False,False,False,False,False,False,False,True,False,False,False,True,True,False,True,False,True
3591659860,Indodana,jakarta,-6.175247,106.8270488,1 month,On-site,187,False,False,False,True,False,False,False,False,False,False,True,False,False,False,False,False,False,False,False,False,False,False,False,False,False,False,False,False,False,False,False,False,False,False,False,False,False,False,False,False,True,True,False,False,False,False,False,False,False,False,False,False,False,False,False,True,False
3599174766,HIGO,jakarta,-6.175247,106.8270488,3 weeks,On-site,110,False,False,False,True,False,False,True,True,False,False,False,False,False,False,False,False,False,False,False,False,False,False,False,False,False,False,False,False,False,False,False,False,False,False,False,False,False,False,False,False,False,False,False,False,False,False,True,True,False,False,False,False,False,False,False,False,False
3603086834,MileApp,west jakarta,-6.161569,106.7438905,1 month,On-site,30,False,False,False,True,False,False,True,True,False,False,False,False,False,False,False,False,False,False,False,False,False,False,False,True,False,False,False,False,True,False,False,False,False,False,False,False,False,False,False,False,True,True,False,False,False,False,False,True,False,False,False,True,False,False,False,False,False
3618244763,Coda Payments,jakarta,-6.175247,106.8270488,4 weeks,Remote,22,False,False,False,True,False,False,True,True,False,False,True,False,False,False,False,False,False,False,False,False,False,False,False,True,False,True,False,False,False,False,False,False,False,False,False,False,False,False,False,False,False,False,False,False,False,False,False,True,False,False,False,True,False,False,False,False,False
3600826405,Michael Page,jakarta,-6.175247,106.8270488,3 weeks,On-site,22,False,False,False,True,False,False,True,True,True,False,True,False,False,False,False,False,False,False,False,False,False,False,False,False,False,False,False,False,False,False,False,False,False,False,False,False,False,False,False,False,False,False,False,False,False,False,False,False,False,False,False,False,False,False,False,False,False
3552160260,PT. Neural Technologies Indonesia,jakarta,-6.175247,106.8270488,1 month,On-site,200,False,False,False,True,False,False,True,True,True,False,True,False,False,False,False,False,False,False,False,False,False,False,False,False,False,False,False,False,False,False,False,False,False,False,False,False,False,False,False,False,False,False,False,False,False,False,False,True,False,False,False,True,False,False,False,False,False
3609905155,WeNetwork,jakarta,-6.175247,106.8270488,2 weeks,Hybrid,34,False,False,False,True,False,False,False,False,False,False,False,False,False,False,False,False,False,False,False,False,False,False,False,False,False,False,False,False,False,False,False,False,False,False,False,False,False,False,False,False,False,False,False,False,False,False,False,False,False,False,False,False,False,False,False,False,False
3621218505,byOrange,jakarta,-6.175247,106.8270488,6 days,On-site,200,False,False,False,True,False,False,True,True,True,False,True,False,False,False,False,False,False,False,False,False,False,False,False,True,False,True,False,False,False,False,False,False,False,True,False,False,False,False,False,False,True,True,True,False,False,False,True,True,False,False,False,True,False,False,False,False,False
3617573907,Robert Walters,jakarta,-6.175247,106.8270488,1 week,On-site,10,False,False,False,True,False,False,True,True,False,False,True,False,False,False,False,False,False,False,False,False,False,False,False,False,False,False,False,False,False,False,False,False,False,False,False,False,False,False,False,False,False,False,False,False,False,False,False,True,False,False,False,True,False,False,True,False,False
3581310766,PT Multitech Trans Nusantara,jakarta,-6.175247,106.8270488,1 month,On-site,35,False,False,False,True,False,False,False,False,False,False,False,False,False,False,False,False,False,False,False,False,False,False,False,False,False,False,False,False,False,False,False,False,False,False,False,False,False,False,False,False,False,False,False,False,False,False,False,True,False,False,False,False,False,False,False,False,False
3612515931,Hukumonline.com,jakarta,-6.175247,106.8270488,2 weeks,On-site,15,False,False,False,True,False,False,True,True,True,False,False,False,False,False,False,False,False,False,False,False,False,False,False,False,False,False,False,False,False,False,False,False,False,False,False,False,False,False,False,False,False,False,False,False,False,False,False,True,False,False,False,True,False,False,False,False,False
3607473132,WeNetwork,jakarta,-6.175247,106.8270488,2 weeks,On-site,12,False,False,False,True,False,False,False,False,False,False,False,False,False,False,False,False,False,False,False,False,False,False,False,False,False,False,False,False,False,False,False,False,False,False,False,False,False,False,False,False,False,False,False,False,False,False,False,False,False,False,False,False,False,False,False,False,False
3570594191,Kamoro Maxima Integra,jakarta,-6.175247,106.8270488,1 month,On-site,30,False,False,False,True,False,False,False,False,False,False,True,False,False,False,False,False,True,False,False,False,False,False,False,False,False,False,False,False,False,False,False,False,False,False,False,False,False,False,False,False,False,False,False,False,False,False,False,True,False,False,False,True,True,False,True,False,False
3575869171,Michael Page,jakarta,-6.175247,106.8270488,2 months,Hybrid,5,False,False,False,True,False,False,False,False,False,False,False,False,False,False,False,False,False,False,False,False,False,False,False,True,False,False,False,False,False,True,False,True,True,False,False,False,False,False,False,False,False,False,False,False,False,False,False,False,False,False,False,True,False,False,False,False,False
3580753274,byOrange,jakarta,-6.175247,106.8270488,2 months,On-site,144,False,False,False,True,False,False,True,True,True,False,True,False,False,False,False,False,False,False,False,False,False,False,False,False,False,False,False,False,False,False,False,False,False,False,False,False,False,False,False,False,False,False,False,False,False,False,False,True,False,True,False,True,False,False,False,False,False
3617013735,Perqara,jakarta,-6.175247,106.8270488,1 month,Hybrid,6,False,False,False,True,False,False,True,True,True,False,False,False,False,False,False,False,False,False,False,True,False,False,False,True,True,True,True,False,False,False,False,False,False,True,False,False,False,False,False,False,True,False,False,True,False,False,False,True,False,False,False,False,False,False,True,True,False
3594032398,Cobblestone Energy,jakarta,-6.175247,106.8270488,1 month,On-site,16,False,False,False,True,False,False,True,True,False,False,False,False,False,False,False,False,False,False,False,False,False,False,False,False,False,False,False,False,False,False,False,False,False,False,False,False,False,False,False,False,True,True,False,False,False,False,False,False,False,False,False,True,False,False,False,False,False
3575864671,Michael Page,batam,1.1030815,104.0383696,2 months,On-site,3,False,False,False,True,False,False,True,True,True,True,False,False,False,False,False,False,False,False,False,False,False,False,False,False,False,False,False,False,False,False,False,False,False,False,False,False,False,False,False,False,False,False,False,False,False,False,False,True,False,False,False,True,True,False,True,False,False
3608672353,PT Bank Permata Tbk - Bintaro,tangerang selatan,-6.3227016,106.7085737,1 week,On-site,77,False,False,False,True,False,False,False,False,False,False,False,False,False,False,False,False,False,False,False,False,False,False,False,False,False,False,False,False,False,False,False,False,False,False,False,False,False,False,False,False,False,False,False,False,False,False,False,False,False,False,False,False,False,False,False,False,False
3602552252,DATA+,jakarta,-6.175247,106.8270488,1 month,On-site,4,False,False,False,True,False,False,False,False,False,False,False,False,False,False,False,False,False,False,False,False,False,False,False,False,False,False,False,False,False,False,False,False,False,False,False,False,False,False,False,False,False,False,False,False,False,False,False,False,False,False,False,False,False,False,False,False,False
3612518137,Indodana,jakarta,-6.175247,106.8270488,1 week,On-site,18,False,False,False,True,False,False,True,True,False,False,False,False,False,False,False,False,False,False,False,False,False,False,False,False,False,False,False,False,False,False,False,False,False,False,True,False,False,False,False,False,False,False,False,False,False,False,False,False,False,False,False,True,False,False,False,False,False
3602551405,DATA+,jakarta,-6.175247,106.8270488,1 month,On-site,3,False,False,False,True,False,False,False,False,False,False,False,False,False,False,False,False,False,False,False,False,False,False,False,False,False,False,False,False,False,False,False,False,False,False,False,False,False,False,False,False,False,False,False,False,False,False,False,False,False,False,False,False,False,False,False,False,False
3621219462,byOrange,jakarta,-6.175247,106.8270488,6 days,On-site,200,False,False,False,True,False,False,True,True,True,False,True,False,False,False,False,False,False,False,False,False,False,False,False,False,False,False,False,False,False,False,False,False,False,False,False,False,False,False,False,False,True,True,False,False,False,False,False,True,False,False,False,True,False,False,False,False,False
3591921949,Populix,jakarta,-6.175247,106.8270488,1 month,Remote,153,False,False,False,True,False,False,True,True,False,False,True,False,False,False,False,False,False,False,True,False,False,False,False,False,False,False,False,False,False,False,False,False,False,False,False,False,False,False,False,False,False,False,False,False,False,False,False,True,False,False,False,True,False,False,False,False,False
3618760306,Nikel,jakarta,-6.175247,106.8270488,1 week,On-site,100,False,False,False,True,False,False,True,True,True,False,True,False,False,False,False,False,False,False,False,False,False,False,False,False,False,False,False,False,False,False,False,False,False,False,False,False,False,False,False,False,False,False,False,False,False,False,False,True,False,False,False,True,False,False,False,False,False
3544579132,NTT Ltd.,jakarta,-6.175247,106.8270488,2 weeks,Hybrid,55,False,False,False,False,True,False,True,True,False,False,True,False,False,False,False,False,False,False,False,False,False,False,False,False,False,False,False,False,False,False,False,False,False,False,False,False,False,False,False,False,False,False,False,False,False,False,False,False,False,False,False,False,False,False,False,True,False
3407544789,NTT Ltd.,jakarta,-6.175247,106.8270488,1 week,Hybrid,57,False,False,False,False,True,False,True,True,False,False,True,False,False,False,False,False,False,False,False,False,False,False,False,False,False,False,False,False,False,False,False,False,False,False,False,False,False,False,False,False,False,False,False,False,False,False,False,False,False,False,False,True,False,False,False,False,False
3598396146,NTT Ltd.,jakarta,-6.175247,106.8270488,3 weeks,Hybrid,80,False,False,False,False,True,False,False,False,False,False,True,False,False,False,False,False,True,False,False,False,False,False,False,False,False,False,False,False,False,False,False,False,False,False,False,False,False,False,False,False,False,False,False,False,False,False,False,False,False,False,False,True,False,False,False,True,False
3583054116,PT Code Development Indonesia,jakarta,-6.175247,106.8270488,1 month,,5,False,False,False,False,True,False,False,False,False,False,False,False,False,False,False,False,False,False,False,False,False,False,False,False,False,False,False,False,False,False,False,False,False,False,False,False,False,False,False,False,False,False,False,False,False,False,False,False,False,False,False,False,False,False,False,True,False
3619720352,"NTT America Solutions, Inc.",jakarta,-6.175247,106.8270488,2 weeks,On-site,0,False,False,False,False,True,False,True,True,False,False,True,False,False,False,False,False,False,False,False,False,False,False,False,False,False,False,False,False,False,False,False,False,False,False,False,False,False,False,False,False,False,False,False,False,False,False,False,False,False,False,False,True,False,False,False,False,False
3623571800,Asuransi Astra,jakarta,-6.175247,106.8270488,4 weeks,Hybrid,1,False,False,False,False,False,True,False,False,False,False,True,False,False,False,False,False,True,False,False,False,False,False,False,False,False,False,False,False,False,False,False,False,False,False,True,False,False,False,False,False,True,True,True,False,False,False,False,False,False,False,False,False,False,False,False,True,False
